–î–∞—Ç–∞ –∏–≥—Ä—ã,–ù–∞–∑–≤–∞–Ω–∏–µ –∫–æ–º–∞–Ω–¥—ã,–ö–æ–ª–∏—á–µ—Å—Ç–≤–æ –∏–≥—Ä–æ–∫–æ–≤,–ù–æ–º–µ—Ä —Å—Ç–æ–ª–∞,–†–∞—É–Ω–¥ 1,–†–∞—É–Ω–¥ 2,–†–∞—É–Ω–¥ 3,–†–∞—É–Ω–¥ 4,–†–∞—É–Ω–¥ 5,–†–∞—É–Ω–¥ 6,–†–∞—É–Ω–¥ 7,–ò—Ç–æ–≥–æ–≤—ã–π —Å—á–µ—Ç,–ú–µ—Å—Ç–æ –≤ –∏–≥—Ä–µ,–ò—Å—Ç–æ—á–Ω–∏–∫
11/8/2024,–ù–µ —Å–º–æ—Ç—Ä–∏—Ç–µ –Ω–∞–≤–µ—Ä—Ö,8,8,6,6,6,6,5,6,10,45,1,–ö–≤–∏–∑_08.11.2024
11/8/2024,–õ—é–¥–∏ –ö–æ—Ä–æ–ª—è,6,3,5,5,5,8,6,4,12,45,2,–ö–≤–∏–∑_08.11.2024
11/8/2024,–ù–∞—à–∞—Ç—ã—Ä—å,7,7,5,3,4,8,6,6,10,42,3,–ö–≤–∏–∑_08.11.2024
11/8/2024,–ò–º–ø—Ä–æ–≤–∏–∑–∞—Ü–∏—è,7,6,5,6,3,7,5,6,8,40,4,–ö–≤–∏–∑_08.11.2024
11/8/2024,–°—Ç–æ–ª ‚Ññ1,9,"4,5",6,4,4,4,5,4,11,38,5,–ö–≤–∏–∑_08.11.2024
11/8/2024,–ì—Ä–µ–Ω–∫–∏,2,–ë–∞—Ä,6,3,5,7,3,2,9,35,6,–ö–≤–∏–∑_08.11.2024
11/8/2024,–ò—Å–ø–∞–Ω—Å–∫–∏–π —Å—Ç—ã–¥,5,2,4,4,4,3,6,4,4,29,7,–ö–≤–∏–∑_08.11.2024
11/8/2024,–ö–æ—Å–º–æ–Ω–∞–≤—Ç—ã,6,1,3,1,4,2,1,2,4,17,8,–ö–≤–∏–∑_08.11.2024
11/15/2024,–ù–∞—à–∞—Ç—ã—Ä—å,5,1,3,3,4,7,6,4,15,42,1,–ö–≤–∏–∑_15.11.2024
11/15/2024,–õ—é–¥–∏ –ö–æ—Ä–æ–ª—è,6,3,6,4,5,7,6,2,9,39,2,–ö–≤–∏–∑_15.11.2024
11/15/2024,–°—Ç–æ–ª ‚Ññ1,7,8,1,2,4,4,6,6,13,36,3,–ö–≤–∏–∑_15.11.2024
11/15/2024,–ù–µ —Å–º–æ—Ç—Ä–∏—Ç–µ –Ω–∞–≤–µ—Ä—Ö,6,6,3,5,4,2,6,4,10,34,4,–ö–≤–∏–∑_15.11.2024
11/15/2024,–ò–º–ø—Ä–æ–≤–∏–∑–∞—Ü–∏—è,6,7,4,3,2,5,5,4,7,30,5,–ö–≤–∏–∑_15.11.2024
11/15/2024,–¢–∏—Ä–µ –∏–ª–∏ –∞–∑–±—É–∫–∞ –ú–æ—Ä–°–∞,6,2,4,4,3,6,6,4,-1,26,6,–ö–≤–∏–∑_15.11.2024
11/15/2024,–¢—Ä–∏ —Ç–æ–≤–∞—Ä–∏—â–∞,6,5,4,3,2,1,6,4,0,20,7,–ö–≤–∏–∑_15.11.2024
11/22/2024,–§–∞—Ä—à–∏—Ä–æ–≤–∞–Ω–Ω—ã–µ –ø–µ—Ä—Ü–µ–º,4,4,4,6,2,9,4,6,14,45,1,–ö–≤–∏–∑_22.11.2024
11/22/2024,–ù–∞—à–∞—Ç—ã—Ä—å,7,2,4,4,4,7,6,4,15,44,2,–ö–≤–∏–∑_22.11.2024
11/22/2024,–õ—é–¥–∏ –ö–æ—Ä–æ–ª—è,4,3,5,5,3,8,6,2,13,42,3,–ö–≤–∏–∑_22.11.2024
11/22/2024,–°—Ç–æ–ª ‚Ññ1,7,8,5,5,0,11,6,2,7,36,4,–ö–≤–∏–∑_22.11.2024
11/22/2024,–ù–µ —Å–º–æ—Ç—Ä–∏—Ç–µ –Ω–∞–≤–µ—Ä—Ö,6,6,3,3,2,2,4,4,10,28,5,–ö–≤–∏–∑_22.11.2024
11/22/2024,–ò–º–ø—Ä–æ–≤–∏–∑–∞—Ü–∏—è,6,7,3,5,1,5,5,0,4,23,6,–ö–≤–∏–∑_22.11.2024
11/22/2024,–°–æ—é–∑,6,5,3,5,4,3,3,0,1,19,7,–ö–≤–∏–∑_22.11.2024
11/29/2024,–ù–µ —Å–º–æ—Ç—Ä–∏—Ç–µ –Ω–∞–≤–µ—Ä—Ö,7,"4,5",6,4,5,5,6,2,12,40,1,–ö–≤–∏–∑_29.11.2024
11/29/2024,–°—Ç–æ–ª ‚Ññ1,7,8,5,6,3,6,4,0,10,34,2,–ö–≤–∏–∑_29.11.2024
11/29/2024,–ò–º–ø—Ä–æ–≤–∏–∑–∞—Ü–∏—è,6,7,6,5,4,0,4,0,6,25,3,–ö–≤–∏–∑_29.11.2024
11/29/2024,–ù–µ —Å–µ–≥–æ–¥–Ω—è,2,–±–∞—Ä,4,3,1,2,3,0,11,24,4,–ö–≤–∏–∑_29.11.2024
11/29/2024,–¢–∏—Ä–µ –∏–ª–∏ –∞–∑–±—É–∫–∞ –ú–æ—Ä–°–∞,7,2,4,2,2,3,5,0,6,22,5,–ö–≤–∏–∑_29.11.2024
11/29/2024,–ù–∞—à–∞—Ç—ã—Ä—å,5,6,3,3,1,6,4,0,2,19,6,–ö–≤–∏–∑_29.11.2024
11/29/2024,–õ—é–¥–∏ –ö–æ—Ä–æ–ª—è,4,3,5,3,3,1,5,0,-1,16,7,–ö–≤–∏–∑_29.11.2024
12/6/2024,–õ—é–¥–∏ –ö–æ—Ä–æ–ª—è,5,3,5,6,5,10,6,2,15,49,1,–ö–≤–∏–∑_06.12.2024
12/6/2024,–ù–µ —Å–º–æ—Ç—Ä–∏—Ç–µ –Ω–∞–≤–µ—Ä—Ö,6,6,4,4,4,9,6,2,15,44,2,–ö–≤–∏–∑_06.12.2024
12/6/2024,–°—Ç–æ–ª ‚Ññ1,7,8,5,2,2,7,5,0,13,34,3,–ö–≤–∏–∑_06.12.2024
12/6/2024,–ò–º–ø—Ä–æ–≤–∏–∑–∞—Ü–∏—è,6,7,2,5,2,6,2,4,10,31,4,–ö–≤–∏–∑_06.12.2024
12/6/2024,–¢–∏—Ä–µ –∏–ª–∏ –∞–∑–±—É–∫–∞ –ú–æ—Ä–°–∞,7,2,6,3,2,3,2,2,13,31,5,–ö–≤–∏–∑_06.12.2024
12/13/2024,–ù–µ —Å–º–æ—Ç—Ä–∏—Ç–µ –Ω–∞–≤–µ—Ä—Ö,8,8,4,3,2,7,6,2,2,26,1,–ö–≤–∏–∑_13.12.2024
12/13/2024,–°—Ç–æ–ª ‚Ññ1,7,"4,5",4,3,2,5,6,0,5,25,2,–ö–≤–∏–∑_13.12.2024
12/13/2024,–ù–∞—à–∞—Ç—ã—Ä—å,5,6,2,5,4,3,5,0,1,20,3,–ö–≤–∏–∑_13.12.2024
12/13/2024,–ò–º–ø—Ä–æ–≤–∏–∑–∞—Ü–∏—è,6,7,5,4,3,1,3,0,1,17,4,–ö–≤–∏–∑_13.12.2024
12/13/2024,–¢–∏—Ä–µ –∏–ª–∏ –∞–∑–±—É–∫–∞ –ú–æ—Ä–°–∞,7,2,3,4,2,2,2,0,4,17,5,–ö–≤–∏–∑_13.12.2024
12/13/2024,–ù–µ —Å–µ–≥–æ–¥–Ω—è,5,1,4,1,2,4,4,0,0,15,6,–ö–≤–∏–∑_13.12.2024
12/13/2024,–°–≤–æ–±–æ–¥–Ω—ã–π —Å—Ç–æ–ª,3,,0,0,0,0,0,0,0,0,7,–ö–≤–∏–∑_13.12.2024
12/20/2024,–ù–µ —Å–º–æ—Ç—Ä–∏—Ç–µ –Ω–∞–≤–µ—Ä—Ö,6,5,5,4,4,5,4,0,4,26,1,–ö–≤–∏–∑_20.12.2024
12/20/2024,–°—Ç–æ–ª ‚Ññ1,5,1,5,5,5,5,5,0,0,25,2,–ö–≤–∏–∑_20.12.2024
12/20/2024,–ì—Ä–µ–Ω–∫–∏,2,–ë–∞—Ä,4,4,3,5,3,0,6,25,3,–ö–≤–∏–∑_20.12.2024
12/20/2024,–•–æ–¥ –∫–æ–Ω—ë–º,8,9,4,4,4,5,5,0,1,23,4,–ö–≤–∏–∑_20.12.2024
12/20/2024,–°—Ç–æ–ª ‚Ññ4,4,4,4,5,2,5,4,0,1,21,5,–ö–≤–∏–∑_20.12.2024
12/20/2024,–ò—Å–ø–∞–Ω—Å–∫–∏–π —Å—Ç—ã–¥,5,1,4,4,1,3,5,0,4,21,6,–ö–≤–∏–∑_20.12.2024
12/20/2024,–ù–∞—à–∞—Ç—ã—Ä—å,5,7,3,5,3,4,4,0,1,20,7,–ö–≤–∏–∑_20.12.2024
12/20/2024,–õ—é–¥–∏ –ö–æ—Ä–æ–ª—è,4,8,4,5,4,1,6,0,0,20,8,–ö–≤–∏–∑_20.12.2024
12/20/2024,–¢–∏—Ä–µ –∏–ª–∏ –∞–∑–±—É–∫–∞ –ú–æ—Ä–°–∞,6,2,4,3,3,1,3,0,3,17,9,–ö–≤–∏–∑_20.12.2024
12/20/2024,–ò–º–ø—Ä–æ–≤–∏–∑–∞—Ü–∏—è,6,6,5,4,1,1,1,2,-6,8,10,–ö–≤–∏–∑_20.12.2024
12/28/2024,–ù–µ —Å–º–æ—Ç—Ä–∏—Ç–µ –Ω–∞–≤–µ—Ä—Ö,8,8,4,3,3,6,3,2,12,33,1,–ö–≤–∏–∑_28.12.2024
12/28/2024,–õ—é–¥–∏ –ö–æ—Ä–æ–ª—è,6,3,3,4,3,6,5,0,9,30,2,–ö–≤–∏–∑_28.12.2024
12/28/2024,–°—Ç–æ–ª ‚Ññ1,7,"4,5",4,4,5,7,4,0,4,28,3,–ö–≤–∏–∑_28.12.2024
12/28/2024,–¢–∏—Ä–µ –∏–ª–∏ –∞–∑–±—É–∫–∞ –ú–æ—Ä–°–∞,6,2,4,3,5,4,3,0,4,23,4,–ö–≤–∏–∑_28.12.2024
12/28/2024,–ù–∞—à–∞—Ç—ã—Ä—å,6,7,3,5,6,4,3,2,-1,22,5,–ö–≤–∏–∑_28.12.2024
12/28/2024,–¢—Ä–∏ —Ç–æ–≤–∞—Ä–∏—â–∞,4,1,4,2,2,0,0,0,3,11,6,–ö–≤–∏–∑_28.12.2024
12/28/2024,–ê—Ç–ª–∏—á–Ω–∏–∫–∏,5,6,2,3,1,4,0,0,0,10,7,–ö–≤–∏–∑_28.12.2024
1/4/2025,–ù–µ —Å–º–æ—Ç—Ä–∏—Ç–µ –Ω–∞–≤–µ—Ä—Ö,6,6,9,11,5,4,8,5,12,54,1,–ö–≤–∏–∑_04.01.2025
1/4/2025,–õ—é–¥–∏ –ö–æ—Ä–æ–ª—è,8,"2,3",7,10,3,6,7,6,11,50,3,–ö–≤–∏–∑_04.01.2025
1/4/2025,–°—Ç–æ–ª ‚Ññ1,7,8,8,9,2,6,5,5,17,52,2,–ö–≤–∏–∑_04.01.2025
1/4/2025,–í—ã –£—Ö—É –ï–ª–∏?,4,4,7,8,1,4,2,4,10,36,7,–ö–≤–∏–∑_04.01.2025
1/4/2025,–ù–∞—à–∞—Ç—ã—Ä—å,4,5,8,6,3,4,4,4,10,39,5,–ö–≤–∏–∑_04.01.2025
1/4/2025,–ò–º–ø—Ä–æ–≤–∏–∑–∞—Ü–∏—è,6,7,7,8,2,6,1,4,6,34,8,–ö–≤–∏–∑_04.01.2025
1/4/2025,–¢—Ä–∏ —Ç–æ–≤–∞—Ä–∏—â–∞,4,1,6,5,1,4,3,5,13,37,6,–ö–≤–∏–∑_04.01.2025
1/4/2025,–ì—Ä–µ–Ω–∫–∏,3,–±–∞—Ä,8,10,1,5,6,5,11,46,4,–ö–≤–∏–∑_04.01.2025
1/4/2025,–°—É–ª—É–≥—É–Ω–∏ –ª–∏–Ω–≥—É—Å,2,2,3,9,0,4,2,2,11,31,9,–ö–≤–∏–∑_04.01.2025
1/10/2025,–ù–∞—à–∞—Ç—ã—Ä—å,4,4,4,3,5,7,4,6,8,37,1,–ö–≤–∏–∑_10.01.2025
1/10/2025,–ù–µ —Å–º–æ—Ç—Ä–∏—Ç–µ –Ω–∞–≤–µ—Ä—Ö,6,6,3,3,5,1,5,4,8,29,2,–ö–≤–∏–∑_10.01.2025
1/10/2025,–õ—é–¥–∏ –ö–æ—Ä–æ–ª—è,5,3,5,3,5,2,6,2,4,27,3,–ö–≤–∏–∑_10.01.2025
1/10/2025,–ò–º–ø—Ä–æ–≤–∏–∑–∞—Ü–∏—è,7,7,2,5,6,1,1,2,8,25,4,–ö–≤–∏–∑_10.01.2025
1/10/2025,–¢—è–ø–∞ –∏ –¢—è–ø–∞,3,8,5,2,5,1,5,2,3,23,5,–ö–≤–∏–∑_10.01.2025
1/10/2025,–°—Ç–æ–ª ‚Ññ1,2,2,4,3,3,0,4,4,5,23,6,–ö–≤–∏–∑_10.01.2025
1/10/2025,–î–ê–±—Ä–∞ –Ω–ò–∂–¥–∏,4,9,4,2,3,1,4,2,5,21,7,–ö–≤–∏–∑_10.01.2025
1/10/2025,–ù–µ —Å–µ–≥–æ–¥–Ω—è,2,–±–∞—Ä,2,3,3,0,4,2,7,21,8,–ö–≤–∏–∑_10.01.2025
1/10/2025,–ì—Ä–µ–Ω–∫–∏,0,1,5,2,5,-2,5,2,2,19,9,–ö–≤–∏–∑_10.01.2025
1/10/2025,–•–æ–¥ –∫–æ–Ω—ë–º,4,5,3,2,2,-2,2,0,2,9,10,–ö–≤–∏–∑_10.01.2025
1/31/2025,–õ—é–¥–∏ –ö–æ—Ä–æ–ª—è,5,4,5,5,2,8,5,2,12,39,1,–ö–≤–∏–∑_31.01.2025
1/31/2025,–ù–µ —Å–º–æ—Ç—Ä–∏—Ç–µ –Ω–∞–≤–µ—Ä—Ö,6,8,3,4,4,7,5,0,15,38,2,–ö–≤–∏–∑_31.01.2025
1/31/2025,–ò–º–ø—Ä–æ–≤–∏–∑–∞—Ü–∏—è,6,7,3,3,2,4,5,2,12,31,3,–ö–≤–∏–∑_31.01.2025
1/31/2025,–°—Ç–æ–ª ‚Ññ1,6,6,4,3,3,1,5,2,10,28,4,–ö–≤–∏–∑_31.01.2025
1/31/2025,–î–ê–±—Ä–∞ –Ω–ò–∂–¥–∏,5,5,5,2,0,1,4,2,7,21,5,–ö–≤–∏–∑_31.01.2025
1/31/2025,–°—É—Ä–≥—É—Ç,4,3,3,0,1,1,1,0,1,7,6,–ö–≤–∏–∑_31.01.2025
2/7/2025,–õ—é–¥–∏ –ö–æ—Ä–æ–ª—è,7,3,5,4,2,10,6,0,4,31,1,–ö–≤–∏–∑_07.02.2025
2/7/2025,–ù–∞—à–∞—Ç—ã—Ä—å,8,1,4,5,2,8,6,0,5,30,2,–ö–≤–∏–∑_07.02.2025
2/7/2025,–ò–º–ø—Ä–æ–≤–∏–∑–∞—Ü–∏—è,6,7,4,3,1,6,5,0,6,25,3,–ö–≤–∏–∑_07.02.2025
2/7/2025,–ù–µ —Å–º–æ—Ç—Ä–∏—Ç–µ –Ω–∞–≤–µ—Ä—Ö,8,8,4,3,2,6,5,0,1,21,4,–ö–≤–∏–∑_07.02.2025
2/7/2025,–î–ê–±—Ä–∞ –Ω–ò–∂–¥–∏,6,5,3,2,1,2,6,0,7,21,5,–ö–≤–∏–∑_07.02.2025
2/7/2025,–ì—Ä–µ–Ω–∫–∏,3,–±–∞—Ä,3,2,2,4,5,0,-3,13,6,–ö–≤–∏–∑_07.02.2025
2/7/2025,–°—Ç–æ–ª ‚Ññ4,4,4,4,1,0,2,2,0,3,12,7,–ö–≤–∏–∑_07.02.2025
2/7/2025,–ü–∏–∫–∞—Å—Å–æ,5,1,3,0,1,1,1,0,1,7,8,–ö–≤–∏–∑_07.02.2025
2/14/2025,–õ—é–¥–∏ –ö–æ—Ä–æ–ª—è,6,3,10,10,9,39,8,5,10,18,2,–ö–≤–∏–∑_14.02.2025
2/14/2025,–ù–µ —Å–º–æ—Ç—Ä–∏—Ç–µ –Ω–∞–≤–µ—Ä—Ö,7,6,9,9,7,34,8,3,8,11,3,–ö–≤–∏–∑_14.02.2025
2/14/2025,–ö–æ—Ç–∏–∫–∏,2,1–∞,0,9,8,27,7,4.5,10,9,4,–ö–≤–∏–∑_14.02.2025
2/14/2025,–°—Ç–æ–ª ‚Ññ1,8,8,9,10,5,33,5,2.5,9,5,5,–ö–≤–∏–∑_14.02.2025
2/14/2025,–•–æ–¥ –∫–æ–Ω—ë–º,7,2,4,8,5,23,5,4,10,5,6,–ö–≤–∏–∑_14.02.2025
2/14/2025,–ú–∏—Ä–Ω—ã–µ –∂–∏—Ç–µ–ª–∏,5,5,8,7,5,27,6,2.5,8,3,7,–ö–≤–∏–∑_14.02.2025
2/14/2025,–ò–∑-–∑–∞ –≥–æ—Ä,4,–ë–∞—Ä,4,7,7,21,5,2,10,38,1,–ö–≤–∏–∑_14.02.2025
2/14/2025,–î–ê–±—Ä–∞ –Ω–ò–∂–¥–∏,5,1,5,7,4,22,4,2.5,7,1,10,–ö–≤–∏–∑_14.02.2025
2/14/2025,–ò–º–ø—Ä–æ–≤–∏–∑–∞—Ü–∏—è,6,7,5,4,1,11,1,2.5,7,3,8,–ö–≤–∏–∑_14.02.2025
2/14/2025,–°—Ç—Ä—É—è –±–æ–±—Ä–∞,4,4,5,2,0,9,3,3,7,2,9,–ö–≤–∏–∑_14.02.2025
2/21/2025,–õ—é–¥–∏ –ö–æ—Ä–æ–ª—è,5,5,5,3,6,7,3,0,11,35,1,–ö–≤–∏–∑_21.02.2025
2/21/2025,–°—Ç–æ–ª ‚Ññ1,8,8,6,5,3,5,2,0,12,33,2,–ö–≤–∏–∑_21.02.2025
2/21/2025,–ù–∞—à–∞—Ç—ã—Ä—å,6,6,5,4,2,4,2,2,8,27,3,–ö–≤–∏–∑_21.02.2025
2/21/2025,–ù–µ —Å–º–æ—Ç—Ä–∏—Ç–µ –Ω–∞–≤–µ—Ä—Ö,6,7,4,4,5,3,2,2,2,22,4,–ö–≤–∏–∑_21.02.2025
2/21/2025,–ò–º–ø—Ä–æ–≤–∏–∑–∞—Ü–∏—è,4,4,4,2,1,3,1,0,8,19,5,–ö–≤–∏–∑_21.02.2025
2/28/2025,–õ—é–¥–∏ –ö–æ—Ä–æ–ª—è,5,3,4,3,3,9,5,4,9,37,1,–ö–≤–∏–∑_28.02.2025
2/28/2025,–ù–∞—à–∞—Ç—ã—Ä—å,6,6,5,5,4,8,6,2,7,37,2,–ö–≤–∏–∑_28.02.2025
2/28/2025,–ò–º–ø—Ä–æ–≤–∏–∑–∞—Ü–∏—è,5,7,4,3,2,7,6,4,4,30,3,–ö–≤–∏–∑_28.02.2025
2/28/2025,–°—Ç–æ–ª ‚Ññ1,8,8,3,4,2,6,4,2,5,26,4,–ö–≤–∏–∑_28.02.2025
2/28/2025,–î–ê–±—Ä–∞ –Ω–ò–∂–¥–∏,4,4,3,2,4,5,3,0,4,21,5,–ö–≤–∏–∑_28.02.2025
2/28/2025,–ê–ª–ª–ª–æ,0,1,5,2,1,5,2,0,0,15,6,–ö–≤–∏–∑_28.02.2025
2/28/2025,–ù–∞ –ª–∞–≤–∫–µ,5,5,0,2,1,5,2,2,1,13,7,–ö–≤–∏–∑_28.02.2025
2/28/2025,–§—É—Ä–∏–∏,2,–ë–∞—Ä,3,0,0,2,1,0,0,6,8,–ö–≤–∏–∑_28.02.2025
3/7/2025,–ù–µ —Å–º–æ—Ç—Ä–∏—Ç–µ –Ω–∞–≤–µ—Ä—Ö,6,6,5,5,6,6,6,0,12,40,1,–ö–≤–∏–∑_07.03.2025
3/7/2025,–õ—é–¥–∏ –ö–æ—Ä–æ–ª—è,5,5,4,6,6,3,6,0,11,36,2,–ö–≤–∏–∑_07.03.2025
3/7/2025,–°—Ç–æ–ª ‚Ññ1,7,8,3,6,4,3,6,0,10,32,3,–ö–≤–∏–∑_07.03.2025
3/7/2025,–ò–º–ø—Ä–æ–≤–∏–∑–∞—Ü–∏—è,6,7,3,4,1,3,6,0,12,29,4,–ö–≤–∏–∑_07.03.2025
3/7/2025,–¢—Ä–∏ —Ç–æ–≤–∞—Ä–∏—â–∞,4,5,3,2,3,0,6,0,9,23,5,–ö–≤–∏–∑_07.03.2025
3/7/2025,–î–æ—Ñ–∞–º–∏–Ω,3,3,3,2,4,2,4,0,1,16,6,–ö–≤–∏–∑_07.03.2025
3/7/2025,9Dok,4,1,3,2,1,3,3,0,3,15,7,–ö–≤–∏–∑_07.03.2025
3/9/2025,–°—Ç–æ–ª ‚Ññ1,7,8,7.5,16,12.5,12,5,4,7,64,1,–ö–≤–∏–∑_09.03.2025
3/9/2025,–ò–º–ø—Ä–æ–≤–∏–∑–∞—Ü–∏—è,6,7,6.5,10.5,12,6,7.5,3,7,52.5,2,–ö–≤–∏–∑_09.03.2025
3/9/2025,–ù–µ —Å–º–æ—Ç—Ä–∏—Ç–µ –Ω–∞–≤–µ—Ä—Ö,8,6,7,8.5,9,13,2,4,8,51.5,3,–ö–≤–∏–∑_09.03.2025
3/9/2025,–¢—Ä–∏ —Ç–æ–≤–∞—Ä–∏—â–∞,4,5,5.5,7,10,8,7.5,2,4,44,4,–ö–≤–∏–∑_09.03.2025
3/9/2025,–ë–∏–ø–æ–ª—è—Ä–Ω–∞—è –ó–≤–µ–∑–¥–∞,2,3,5,9,12.5,6.5,0,4,6,43,5,–ö–≤–∏–∑_09.03.2025
3/14/2025,–°—Ç–æ–ª ‚Ññ1,6,7,5,3,2,4,1,6,0,21,3,–ö–≤–∏–∑_14.03.2025
3/14/2025,–ù–µ —Å–º–æ—Ç—Ä–∏—Ç–µ –Ω–∞–≤–µ—Ä—Ö,6,6,5,3,2,5,1,4,10,30,1,–ö–≤–∏–∑_14.03.2025
3/14/2025,–¢—Ä–∏ —Ç–æ–≤–∞—Ä–∏—â–∞,4,4,3,1,0,6,2,0,2,14,4,–ö–≤–∏–∑_14.03.2025
3/14/2025,–õ—é–¥–∏ –ö–æ—Ä–æ–ª—è,5,5,5,2,3,0,4,4,6,24,2,–ö–≤–∏–∑_14.03.2025
3/14/2025,–¢–∞—Ç–∞—Ä—Å—Ç–∞–Ω,3,9,4,2,0,3,0,2,1,12,6,–ö–≤–∏–∑_14.03.2025
3/14/2025,–ö–∞—Å—è,0,,5,2,2,5,3,0,-4,13,5,–ö–≤–∏–∑_14.03.2025
3/14/2025,–ê–ª–µ—à–∫–∏,0,,1,0,4,0,0,0,3,8,7,–ö–≤–∏–∑_14.03.2025
3/21/2025,–ß–ª–µ–Ω—ã –ö–æ–º–∞–Ω–¥—ã,4,2,3,5,4,6,4,0,10,32,1,–ö–≤–∏–∑_21.03.2025
3/21/2025,–ù–µ —Å–º–æ—Ç—Ä–∏—Ç–µ –Ω–∞–≤–µ—Ä—Ö,5,6,2,6,2,5,3,2,10,30,2,–ö–≤–∏–∑_21.03.2025
3/21/2025,–õ—é–¥–∏ –ö–æ—Ä–æ–ª—è,5,3,1,4,2,7,3,0,12,29,3,–ö–≤–∏–∑_21.03.2025
3/21/2025,–•–æ–¥ –∫–æ–Ω—ë–º,6,1,2,6,2,4,4,0,10,28,4,–ö–≤–∏–∑_21.03.2025
3/21/2025,–ù–∞—à–∞—Ç—ã—Ä—å,5,7,4,5,2,4,3,2,7,27,5,–ö–≤–∏–∑_21.03.2025
3/21/2025,–°—Ç–æ–ª ‚Ññ1,8,8,2,5,2,0,4,0,13,26,6,–ö–≤–∏–∑_21.03.2025
3/21/2025,–¢—Ä–∏ —Ç–æ–≤–∞—Ä–∏—â–∞,4,5,2,5,1,2,2,2,10,24,7,–ö–≤–∏–∑_21.03.2025
3/21/2025,–ù–µ–ø–∞—Ä–∞,3,4,2,2,1,0,1,0,1,7,8,–ö–≤–∏–∑_21.03.2025
3/28/2025,–ù–µ —Å–º–æ—Ç—Ä–∏—Ç–µ –Ω–∞–≤–µ—Ä—Ö,4,7,3,5,5,8,5,2,12,40,1,–ö–≤–∏–∑_28.03.2025
3/28/2025,–°—Ç–æ–ª ‚Ññ1,7,8,5,4,4,7,6,0,12,38,2,–ö–≤–∏–∑_28.03.2025
3/28/2025,–ù–∞—à–∞—Ç—ã—Ä—å,7,6,6,5,3,8,5,2,4,33,3,–ö–≤–∏–∑_28.03.2025
3/28/2025,–ò—Å–ø–∞–Ω—Å–∫–∏–π —Å—Ç—ã–¥,4,5,3,3,3,6,4,0,3,22,4,–ö–≤–∏–∑_28.03.2025
3/28/2025,–¢—Ä–∏ —Ç–æ–≤–∞—Ä–∏—â–∞,4,4,2,3,3,6,1,0,6,21,5,–ö–≤–∏–∑_28.03.2025
3/28/2025,–ë–∞–π–∫–∞–ª,4,1,3,2,2,5,0,0,3,15,6,–ö–≤–∏–∑_28.03.2025
4/4/2025,–ù–µ —Å–º–æ—Ç—Ä–∏—Ç–µ –Ω–∞–≤–µ—Ä—Ö,6,6,3,3,6,10,5,2,9,38,1,–ö–≤–∏–∑_04.04.2025
4/4/2025,–°—Ç–æ–ª ‚Ññ1,6,7,4,3,6,8,2,0,12,35,2,–ö–≤–∏–∑_04.04.2025
4/4/2025,–ò—Å–ø–∞–Ω—Å–∫–∏–π —Å—Ç—ã–¥,4,5,4,3,2,5,2,4,8,28,3,–ö–≤–∏–∑_04.04.2025
4/4/2025,–ë–ª—é–¥–µ—á–∫–æ,2,4,3,3,3,4,3,2,9,27,4,–ö–≤–∏–∑_04.04.2025
4/4/2025,–ù–∞—à–∞—Ç—ã—Ä—å,7,8,4,4,3,5,2,0,7,25,5,–ö–≤–∏–∑_04.04.2025
4/4/2025,–õ—é–¥–∏ –ö–æ—Ä–æ–ª—è,5,3,4,3,5,2,3,0,5,22,6,–ö–≤–∏–∑_04.04.2025
4/11/2025,–õ—é–¥–∏ –ö–æ—Ä–æ–ª—è,5,5,5,3,5,8,5,4,14,44,1,–ö–≤–∏–∑_11.04.2025
4/11/2025,–ò—Å–ø–∞–Ω—Å–∫–∏–π —Å—Ç—ã–¥,4,4,5,3,1,8,5,4,16,42,2,–ö–≤–∏–∑_11.04.2025
4/11/2025,–ù–∞—à–∞—Ç—ã—Ä—å,7,6,4,3,2,5,4,6,18,42,3,–ö–≤–∏–∑_11.04.2025
4/11/2025,–°—Ç–æ–ª ‚Ññ1,7,8,4,5,5,5,5,6,11,41,4,–ö–≤–∏–∑_11.04.2025
4/11/2025,–ù–µ —Å–º–æ—Ç—Ä–∏—Ç–µ –Ω–∞–≤–µ—Ä—Ö,4,7,6,6,4,8,5,4,7,40,5,–ö–≤–∏–∑_11.04.2025
4/11/2025,–ë–ª—é–¥–µ—á–∫–æ,2,–ë–∞—Ä,5,4,3,2,4,4,7,29,6,–ö–≤–∏–∑_11.04.2025
4/11/2025,–ù–µ —Å–µ–≥–æ–¥–Ω—è,2,–ë–∞—Ä,5,6,3,1,5,2,6,28,7,–ö–≤–∏–∑_11.04.2025
4/18/2025,–õ—é–¥–∏ –ö–æ—Ä–æ–ª—è,5,3,6,6,4,10,5,4,10,45,1,–ö–≤–∏–∑_18.04.2025
4/18/2025,–ù–∞—à–∞—Ç—ã—Ä—å,7,6,6,5,3,7,6,2,13,42,2,–ö–≤–∏–∑_18.04.2025
4/18/2025,–°—Ç–æ–ª ‚Ññ1,7,8,4,4,4,9,6,2,13,42,3,–ö–≤–∏–∑_18.04.2025
4/18/2025,–ú–æ–∑–≥ –≤ –∞—Ä–µ–Ω–¥–µ,2,–ë–∞—Ä,5,1,4,8,6,2,9,35,4,–ö–≤–∏–∑_18.04.2025
4/18/2025,–ù–µ —Å–º–æ—Ç—Ä–∏—Ç–µ –Ω–∞–≤–µ—Ä—Ö,4,5,5,3,4,5,2,2,8,29,5,–ö–≤–∏–∑_18.04.2025
4/18/2025,–ò—Å–ø–∞–Ω—Å–∫–∏–π —Å—Ç—ã–¥,5,7,4,5,2,6,2,2,4,25,6,–ö–≤–∏–∑_18.04.2025
4/18/2025,–§—É–∂–µ—Ä,2,–ë–∞—Ä,5,2,2,0,3,2,8,22,7,–ö–≤–∏–∑_18.04.2025
4/18/2025,–¢—Ä–∏ —Ç–æ–≤–∞—Ä–∏—â–∞,6,1,4,3,5,1,1,2,4,20,8,–ö–≤–∏–∑_18.04.2025
4/18/2025,–ò–º–ø—Ä–æ–≤–∏–∑–∞—Ü–∏—è,4,4,4,3,2,1,1,2,6,19,9,–ö–≤–∏–∑_18.04.2025
4/25/2025,–õ—é–¥–∏ –ö–æ—Ä–æ–ª—è,5,3,5,4,5,11,5,4,15,49,1,–ö–≤–∏–∑_25.04.2025
4/25/2025,–ù–∞—à–∞—Ç—ã—Ä—å,8,8,5,4,6,8,6,2,13,44,2,–ö–≤–∏–∑_25.04.2025
4/25/2025,–ì—Ä–µ–Ω–∫–∏,2,–±–∞—Ä,6,5,3,7,3,2,15,41,3,–ö–≤–∏–∑_25.04.2025
4/25/2025,–°—Ç–æ–ª ‚Ññ1,6,7,5,6,5,5,6,0,13,40,4,–ö–≤–∏–∑_25.04.2025
4/25/2025,–ò—Å–ø–∞–Ω—Å–∫–∏–π —Å—Ç—ã–¥,4,5,6,5,3,5,5,0,15,39,5,–ö–≤–∏–∑_25.04.2025
4/25/2025,–ù–µ —Å–º–æ—Ç—Ä–∏—Ç–µ –Ω–∞–≤–µ—Ä—Ö,5,6,5,5,3,6,3,0,13,35,6,–ö–≤–∏–∑_25.04.2025
4/25/2025,–ò–º–ø—Ä–æ–≤–∏–∑–∞—Ü–∏—è,4,4,3,4,2,4,3,0,7,23,7,–ö–≤–∏–∑_25.04.2025
5/2/2025,–õ—é–¥–∏ –ö–æ—Ä–æ–ª—è,5,3,5,6,4,6,4,2,16,43,1,–ö–≤–∏–∑_02.05.2025
5/2/2025,–ù–∞—à–∞—Ç—ã—Ä—å,5,5,4,5,5,8,5,4,10,41,2,–ö–≤–∏–∑_02.05.2025
5/2/2025,–£–ª—ã–±–∞–µ–º—Å—è –∏ –º–∞—à–µ–º,4,4,4,4,2,3,5,4,10,32,3,–ö–≤–∏–∑_02.05.2025
5/2/2025,–ò—Å–ø–∞–Ω—Å–∫–∏–π —Å—Ç—ã–¥,5,7,5,5,5,7,4,0,0,26,4,–ö–≤–∏–∑_02.05.2025
5/2/2025,–ú–∏—Ä–Ω—ã–µ –∂–∏—Ç–µ–ª–∏,5,2,5,4,4,3,4,2,4,26,5,–ö–≤–∏–∑_02.05.2025
5/2/2025,–°—Ç–æ–ª ‚Ññ1,7,8,5,5,3,4,5,2,0,24,6,–ö–≤–∏–∑_02.05.2025
5/2/2025,–ú–æ–∑–≥ –≤ –∞—Ä–µ–Ω–¥–µ,6,6,4,3,5,0,5,0,6,23,7,–ö–≤–∏–∑_02.05.2025
5/2/2025,–°–∏–Ω—è—á–∏–π –ø–∞—Ç—Ä—É–ª—å,2,–±–∞—Ä,4,4,3,3,2,2,4,22,8,–ö–≤–∏–∑_02.05.2025
5/4/2025,–ò—Å–ø–∞–Ω—Å–∫–∏–π —Å—Ç—ã–¥,4,4,4,7,3,4,5,1.5,9,33.5,1,–ö–≤–∏–∑_04.05.2025
5/4/2025,–ú–æ–∑–≥ –≤ –∞—Ä–µ–Ω–¥–µ,2,2,6,4,1,3,8,3.5,6,31.5,2,–ö–≤–∏–∑_04.05.2025
5/4/2025,–°—Ç–æ–ª ‚Ññ1,7,8,8,6,2,3,5,1,5,30,3,–ö–≤–∏–∑_04.05.2025
5/4/2025,–°–∏–Ω—è—á–∏–π –ø–∞—Ç—Ä—É–ª—å,2,3,4,5,2,3,3,0.5,10,27.5,4,–ö–≤–∏–∑_04.05.2025
5/4/2025,–ë–∏–±–∞ –∏ –µ–≥–æ –∫–æ–º–∞–Ω–¥–∞,5,6,5,2,2,4,7,2,5,27,5,–ö–≤–∏–∑_04.05.2025
5/4/2025,–ú–∏—Ä–Ω—ã–µ –∂–∏—Ç–µ–ª–∏,5,7,7,4,1,2,6,2.5,2,24.5,6,–ö–≤–∏–∑_04.05.2025
5/4/2025,–†–∞—Å—á–µ—à–∏ –º–∞–Ω—Ç—É,2,1,5,3,1,2,4,0,4,19,7,–ö–≤–∏–∑_04.05.2025
5/4/2025,–ó–µ—Ä–∫–∞–ª–∞ –º–∏—Ä–æ–≤,5,5,3,2,0,2,7,0.5,1,15.5,8,–ö–≤–∏–∑_04.05.2025
5/9/2025,–ù–∞—à–∞—Ç—ã—Ä—å,7,6,6,4,6,5,4,13.5,13,51.5,1,–ö–≤–∏–∑_09.05.2025
5/9/2025,–õ—é–¥–∏ –ö–æ—Ä–æ–ª—è,6,3,6,5,6,4,5,13.5,6,45.5,2,–ö–≤–∏–∑_09.05.2025
5/9/2025,–°—Ç–æ–ª ‚Ññ1,7,8,6,6,5,5,4,9,5,40,3,–ö–≤–∏–∑_09.05.2025
5/9/2025,–ò—Å–ø–∞–Ω—Å–∫–∏–π —Å—Ç—ã–¥,4,5,4,3,4,2,3,12.5,9,37.5,4,–ö–≤–∏–∑_09.05.2025
5/9/2025,–ú–æ–∑–≥ –≤ –∞—Ä–µ–Ω–¥–µ,5,7,4,4,6,5,3,9,2,33,5,–ö–≤–∏–∑_09.05.2025
5/9/2025,–¢–∏–≥—Ä—ã,3,2,4,1,3,0,3,8,0,19,6,–ö–≤–∏–∑_09.05.2025
5/11/2025,–ú–æ–∑–≥ –≤ –∞—Ä–µ–Ω–¥–µ,4,9,10,10,4,5,8,6,17,60,1,–ö–≤–∏–∑_11.05.2025
5/11/2025,–õ—é–¥–∏ –ö–æ—Ä–æ–ª—è,4,5,7,7,2,4,6,5,21,52,2,–ö–≤–∏–∑_11.05.2025
5/11/2025,–ù–µ —Å–º–æ—Ç—Ä–∏—Ç–µ –Ω–∞–≤–µ—Ä—Ö,5,7,8,10,3,3,4,3.5,13,44.5,3,–ö–≤–∏–∑_11.05.2025
5/11/2025,–ò—Å–ø–∞–Ω—Å–∫–∏–π —Å—Ç—ã–¥,4,8,3,8,1,4,7,3.5,7,33.5,4,–ö–≤–∏–∑_11.05.2025
5/11/2025,–°—Ç–æ–ª ‚Ññ1,7,6,5,5,4,3,5,2,8,32,5,–ö–≤–∏–∑_11.05.2025
5/16/2025,–ù–µ —Å–º–æ—Ç—Ä–∏—Ç–µ –Ω–∞–≤–µ—Ä—Ö,4,5,5,4,6,8,4,4,5,36,1,–ö–≤–∏–∑_16.05.2025
5/16/2025,–°—Ç–æ–ª ‚Ññ1,7,8,3,3,4,8,4,4,6,32,2,–ö–≤–∏–∑_16.05.2025
5/16/2025,–ù–∞—à–∞—Ç—ã—Ä—å,7,6,6,5,4,8,5,2,2,32,3,–ö–≤–∏–∑_16.05.2025
5/16/2025,–õ—é–¥–∏ –ö–æ—Ä–æ–ª—è,4,3,5,3,6,3,6,2,2,27,4,–ö–≤–∏–∑_16.05.2025
5/16/2025,–ò–º–ø—Ä–æ–≤–∏–∑–∞—Ü–∏—è,4,7,3,3,1,2,3,0,4,16,5,–ö–≤–∏–∑_16.05.2025
5/16/2025,–ò—Å–ø–∞–Ω—Å–∫–∏–π —Å—Ç—ã–¥,4,4,3,1,2,3,4,2,0,15,6,–ö–≤–∏–∑_16.05.2025
5/16/2025,–î–ê–±—Ä–∞ –Ω–ò–∂–¥–∏,4,2,3,1,2,0,4,0,5,15,7,–ö–≤–∏–∑_16.05.2025
5/25/2025,–ú–æ–∑–≥ –≤ –∞—Ä–µ–Ω–¥–µ,2,3,9,7,6,4,2,5,16,49,1,–ö–≤–∏–∑_25.05.2025
5/25/2025,–ù–µ —Å–º–æ—Ç—Ä–∏—Ç–µ –Ω–∞–≤–µ—Ä—Ö,5,6,7,7,4,3,1,5,13,40,2,–ö–≤–∏–∑_25.05.2025
5/25/2025,–ò—Å–ø–∞–Ω—Å–∫–∏–π —Å—Ç—ã–¥,4,5,6,6,3,3,3,2,9,32,3,–ö–≤–∏–∑_25.05.2025
5/25/2025,–°–∏–Ω—è—á–∏–π –ø–∞—Ç—Ä—É–ª—å,2,2,6,7,1,3,0,4,10,31,4,–ö–≤–∏–∑_25.05.2025
5/25/2025,–ò–º–ø—Ä–æ–≤–∏–∑–∞—Ü–∏—è,6,4,8,4,3,2,0,4,9,30,5,–ö–≤–∏–∑_25.05.2025
5/30/2025,–ù–µ —Å–º–æ—Ç—Ä–∏—Ç–µ –Ω–∞ –ö–æ—Ä–æ–ª—è,6,6,4,5,5,8,6,2,8,38,1,–ö–≤–∏–∑_30.05.2025
5/30/2025,–ì—Ä–µ–Ω–∫–∏,4,7,5,2,4,8,6,2,10,37,2,–ö–≤–∏–∑_30.05.2025
5/30/2025,–°–∏–Ω—è—á–∏–π –ø–∞—Ç—Ä—É–ª—å,2,3,3,1,2,6,3,2,9,26,3,–ö–≤–∏–∑_30.05.2025
5/30/2025,–ò–º–ø—Ä–æ–≤–∏–∑–∞—Ü–∏—è,4,5,1,3,5,5,4,0,7,25,4,–ö–≤–∏–∑_30.05.2025
5/30/2025,–ü–∞–Ω–¥–∞,2,8,2,0,1,1,1,0,-1,4,5,–ö–≤–∏–∑_30.05.2025
6/6/2025,–ù–∞—à–∞—Ç—ã—Ä—å,9,"1,2",5,6,4,4,6,2,11,38,1,–ö–≤–∏–∑_06.06.2025
6/6/2025,–ù–µ —Å–º–æ—Ç—Ä–∏—Ç–µ –Ω–∞–≤–µ—Ä—Ö,8,4,4,4,4,7,6,0,7,32,2,–ö–≤–∏–∑_06.06.2025
6/6/2025,–ò—Å–ø–∞–Ω—Å–∫–∏–π —Å—Ç—ã–¥,4,6,4,5,3,6,6,0,4,28,3,–ö–≤–∏–∑_06.06.2025
6/6/2025,–°–∏–Ω—è—á–∏–π –ø–∞—Ç—Ä—É–ª—å,2,3,2,4,5,6,5,2,3,27,4,–ö–≤–∏–∑_06.06.2025
6/6/2025,–ò–º–ø—Ä–æ–≤–∏–∑–∞—Ü–∏—è,4,5,5,3,3,4,4,4,3,26,5,–ö–≤–∏–∑_06.06.2025
6/6/2025,–õ—é–¥–∏ –ö–æ—Ä–æ–ª—è,5,9,3,2,4,4,6,2,4,25,6,–ö–≤–∏–∑_06.06.2025
6/6/2025,–¢—Ä–∏ —Ç–æ–≤–∞—Ä–∏—â–∞,4,8,4,2,1,0,0,0,0,7,7,–ö–≤–∏–∑_06.06.2025
6/11/2025,–ù–∞—à–∞—Ç—ã—Ä—å,5,1,5,5,5,3,6,0,12,36,1,–ö–≤–∏–∑_11.06.2025
6/11/2025,–ù–µ —Å–º–æ—Ç—Ä–∏—Ç–µ –Ω–∞–≤–µ—Ä—Ö,5,4,6,4,6,1,5,0,12,34,2,–ö–≤–∏–∑_11.06.2025
6/11/2025,–ò—Å–ø–∞–Ω—Å–∫–∏–π —Å—Ç—ã–¥,3,2,4,4,5,2,4,0,10,29,3,–ö–≤–∏–∑_11.06.2025
6/11/2025,–ò–º–ø—Ä–æ–≤–∏–∑–∞—Ü–∏—è,4,5,6,4,2,4,5,0,7,28,4,–ö–≤–∏–∑_11.06.2025
6/11/2025,–°–∏–Ω—è—á–∏–π –ø–∞—Ç—Ä—É–ª—å,2,3,5,4,5,0,2,0,8,24,5,–ö–≤–∏–∑_11.06.2025
6/11/2025,–°—Ç–æ–ª ‚Ññ1,4,6,5,2,3,2,1,0,7,20,6,–ö–≤–∏–∑_11.06.2025
6/18/2025,–ù–∞—à–∞—Ç—ã—Ä—å,5,6,0,0,0,0,0,0,0,0,1,–ö–≤–∏–∑_18.06.2025
6/18/2025,–ù–µ —Å–º–æ—Ç—Ä–∏—Ç–µ –Ω–∞–≤–µ—Ä—Ö,5,4,0,0,0,0,0,0,0,0,2,–ö–≤–∏–∑_18.06.2025
6/18/2025,–ò—Å–ø–∞–Ω—Å–∫–∏–π —Å—Ç—ã–¥,3,5,0,0,0,0,0,0,0,0,3,–ö–≤–∏–∑_18.06.2025
6/18/2025,–ò–º–ø—Ä–æ–≤–∏–∑–∞—Ü–∏—è,4,2,0,0,0,0,0,0,0,0,4,–ö–≤–∏–∑_18.06.2025
6/18/2025,–°—Ç–æ–ª ‚Ññ1,4,1,0,0,0,0,0,0,0,0,5,–ö–≤–∏–∑_18.06.2025
6/18/2025,–ö–æ–º–∞–Ω–¥–∞ –ë–∞—à–∏—Ä,4,8,0,0,0,0,0,0,0,0,6,–ö–≤–∏–∑_18.06.2025
6/18/2025,—Å–∏–ª—å–Ω–æ –≤—É –ø–ª–µ),2,3,0,0,0,0,0,0,0,0,7,–ö–≤–∏–∑_18.06.2025
6/15/2025,–ù–∞—à–∞—Ç—ã—Ä—å,0,"1,2",4,5,4,4,3,4,15,39,1,–ö–≤–∏–∑_15.06.2025
6/15/2025,–ù–µ —Å–º–æ—Ç—Ä–∏—Ç–µ –Ω–∞–≤–µ—Ä—Ö,5,4,3,4,3,4,6,0,6,26,2,–ö–≤–∏–∑_15.06.2025
6/15/2025,–ò–º–ø—Ä–æ–≤–∏–∑–∞—Ü–∏—è,4,5,3,5,1,1,4,2,3,19,3,–ö–≤–∏–∑_15.06.2025
6/15/2025,–†–∞—Å—á–µ—à–∏ –º–∞–Ω—Ç—É,2,3,5,1,3,1,3,2,2,17,4,–ö–≤–∏–∑_15.06.2025
6/20/2025,–ù–∞—à–∞—Ç—ã—Ä—å,0,"1,2",4,5,5,6,5,4,12,41,1,–ö–≤–∏–∑_20.06.2025
6/20/2025,–°—Ç–æ–ª ‚Ññ1,5,6,5,4,2,6,2,4,13,36,2,–ö–≤–∏–∑_20.06.2025
6/20/2025,–õ—é–¥–∏ –ö–æ—Ä–æ–ª—è,5,9,5,4,5,8,2,2,9,35,3,–ö–≤–∏–∑_20.06.2025
6/20/2025,–ò–º–ø—Ä–æ–≤–∏–∑–∞—Ü–∏—è,4,5,3,5,3,5,4,2,5,27,4,–ö–≤–∏–∑_20.06.2025
6/20/2025,–ò—Å–ø–∞–Ω—Å–∫–∏–π —Å—Ç—ã–¥,3,3,6,4,3,6,2,2,3,26,5,–ö–≤–∏–∑_20.06.2025
6/20/2025,–°–ù–¢ –ü—Ä–æ—à–∫–∏–Ω–æ,5,8,2,2,5,5,3,2,6,25,6,–ö–≤–∏–∑_20.06.2025
6/20/2025,–ù–µ —Å–º–æ—Ç—Ä–∏—Ç–µ –Ω–∞–≤–µ—Ä—Ö,5,4,5,2,5,6,1,0,5,24,7,–ö–≤–∏–∑_20.06.2025
6/27/2025,–ù–µ —Å–º–æ—Ç—Ä–∏—Ç–µ –Ω–∞–≤–µ—Ä—Ö,9,"1,2",5,6,5,9,6,2,16,49,1,–ö–≤–∏–∑_27.06.2025
6/27/2025,–õ—é–¥–∏ –ö–æ—Ä–æ–ª—è,6,9,5,5,6,10,6,0,15,47,2,–ö–≤–∏–∑_27.06.2025
6/27/2025,–ù–∞—à–∞—Ç—ã—Ä—å,7,6,4,3,3,10,6,4,15,45,3,–ö–≤–∏–∑_27.06.2025
6/27/2025,–°—Ç–æ–ª ‚Ññ1,8,4,4,3,3,10,5,0,16,41,4,–ö–≤–∏–∑_27.06.2025
6/27/2025,–ò–º–ø—Ä–æ–≤–∏–∑–∞—Ü–∏—è,2,3,4,3,3,8,6,2,13,39,5,–ö–≤–∏–∑_27.06.2025
6/27/2025,–°–∏–Ω—è—á–∏–π –ø–∞—Ç—Ä—É–ª—å,2,7,4,2,1,6,6,0,18,37,6,–ö–≤–∏–∑_27.06.2025
6/27/2025,–ò—Å–ø–∞–Ω—Å–∫–∏–π —Å—Ç—ã–¥,4,5,4,4,3,8,3,0,12,34,7,–ö–≤–∏–∑_27.06.2025
6/27/2025,–ö–≤–∏–∑ who is,4,8,3,2,2,3,4,0,11,25,8,–ö–≤–∏–∑_27.06.2025
6/27/2025,–ß–µ—Ä—Ç–∏ —Ä–∞–π–æ–Ω–∞ üòà,4,10,4,2,2,0,2,0,9,19,9,–ö–≤–∏–∑_27.06.2025
7/4/2025,–ù–µ —Å–º–æ—Ç—Ä–∏—Ç–µ –Ω–∞–≤–µ—Ä—Ö,7,4,5,8,5,6,4,5,11,44,1,–ö–≤–∏–∑_04.07.2025
7/4/2025,–õ—é–¥–∏ –ö–æ—Ä–æ–ª—è,6,5,5,5,3,4,0,6,18,41,2,–ö–≤–∏–∑_04.07.2025
7/4/2025,–°–∏–Ω—è—á–∏–π –ø–∞—Ç—Ä—É–ª—å,4,8,4,5,3,3,4,1,5,25,3,–ö–≤–∏–∑_04.07.2025
7/4/2025,–ì—Ä–µ–Ω–∫–∏,2,7,4,2,2,3,0,2,4,17,4,–ö–≤–∏–∑_04.07.2025
7/4/2025,–¢—Ä–∏ —Ç–æ–≤–∞—Ä–∏—â–∞,8,"1,2",5,2,0,1,0,0,8,16,5,–ö–≤–∏–∑_04.07.2025
7/4/2025,–ò—Å–ø–∞–Ω—Å–∫–∏–π —Å—Ç—ã–¥,5,6,2,3,3,0,2,1,3,14,6,–ö–≤–∏–∑_04.07.2025
7/11/2025,–ù–∞—à–∞—Ç—ã—Ä—å,5,6,7,7,3,6,8,5,20,56,1,–ö–≤–∏–∑_11.07.2025
7/11/2025,–õ—é–¥–∏ –ö–æ—Ä–æ–ª—è,6,9,5,8,5,5,2,6,16,47,2,–ö–≤–∏–∑_11.07.2025
7/11/2025,–ù–µ —Å–º–æ—Ç—Ä–∏—Ç–µ –Ω–∞–≤–µ—Ä—Ö,6,4,5,7,5,4,6,5,12,44,3,–ö–≤–∏–∑_11.07.2025
7/11/2025,–ò—Å–ø–∞–Ω—Å–∫–∏–π —Å—Ç—ã–¥,5,5,5,6,2,6,6,4,15,44,4,–ö–≤–∏–∑_11.07.2025
7/11/2025,–°–ù–¢ –ü—Ä–æ—à–∫–∏–Ω–æ,5,2,5,4,5,3,4,4,12,37,5,–ö–≤–∏–∑_11.07.2025
7/11/2025,–ò–º–ø—Ä–æ–≤–∏–∑–∞—Ü–∏—è,4,3,5,7,2,1,2,5,14,36,6,–ö–≤–∏–∑_11.07.2025
7/11/2025,BMW,2,8,5,4,2,3,2,3,13,32,7,–ö–≤–∏–∑_11.07.2025
7/11/2025,–°—Ç–æ–ª ‚Ññ1,6,1,3,4,4,2,6,3,9,31,8,–ö–≤–∏–∑_11.07.2025
7/18/2025,–õ—é–¥–∏ –ö–æ—Ä–æ–ª—è,6,9,7,7,5,6,4,5,19,53,1,–ö–≤–∏–∑_18.07.2025
7/18/2025,–ù–µ —Å–º–æ—Ç—Ä–∏—Ç–µ –Ω–∞–≤–µ—Ä—Ö,5,4,8,6,4,6,4,6,15,49,2,–ö–≤–∏–∑_18.07.2025
7/18/2025,–ù–∞—à–∞—Ç—ã—Ä—å,5,6,6,4,5,6,6,6,14,47,3,–ö–≤–∏–∑_18.07.2025
7/18/2025,–ò–º–ø—Ä–æ–≤–∏–∑–∞—Ü–∏—è,4,2,6,7,3,2,6,4,11,39,4,–ö–≤–∏–∑_18.07.2025
7/18/2025,–ò—Å–ø–∞–Ω—Å–∫–∏–π —Å—Ç—ã–¥,3,5,7,5,4,6,2,5,9,38,5,–ö–≤–∏–∑_18.07.2025
7/18/2025,BiMO,4,8,6,5,4,5,2,4,12,38,6,–ö–≤–∏–∑_18.07.2025
7/18/2025,–°—Ç–æ–ª ‚Ññ1,4,1,2,6,3,2,4,3,11,31,7,–ö–≤–∏–∑_18.07.2025
7/18/2025,—Å–∏–ª—å–Ω–æ –≤—É –ø–ª–µ,2,3,3,6,2,4,4,3,7,29,8,–ö–≤–∏–∑_18.07.2025
7/25/2025,–ù–µ —Å–º–æ—Ç—Ä–∏—Ç–µ –Ω–∞–≤–µ—Ä—Ö,6,4,4,6,5,5,4,4,20,48,1,–ö–≤–∏–∑_25.07.2025
7/25/2025,–õ—é–¥–∏ –ö–æ—Ä–æ–ª—è,4,3,5,6,5,6,0,3,21,46,2,–ö–≤–∏–∑_25.07.2025
7/25/2025,–ù–∞—à–∞—Ç—ã—Ä—å,5,6,5,7,4,6,2,4,17,45,3,–ö–≤–∏–∑_25.07.2025
7/25/2025,–ò—Å–ø–∞–Ω—Å–∫–∏–π —Å—Ç—ã–¥,7,1,4,7,4,5,0,4,19,43,4,–ö–≤–∏–∑_25.07.2025
7/25/2025,–ò–º–ø—Ä–æ–≤–∏–∑–∞—Ü–∏—è,5,5,2,5,3,4,0,3,19,36,5,–ö–≤–∏–∑_25.07.2025
7/25/2025,BIMO,4,8,4,5,5,5,2,2,10,33,6,–ö–≤–∏–∑_25.07.2025
7/25/2025,–ú–æ–∑–≥ –≤ –∞—Ä–µ–Ω–¥–µ,4,9,5,5,3,2,2,3,12,32,7,–ö–≤–∏–∑_25.07.2025
7/25/2025,–°–æ—Å–µ–¥–∏ –∏ –ø–∏–≤–æ,2,7,3,4,4,2,0,1,2,16,8,–ö–≤–∏–∑_25.07.2025
8/1/2025,–§—É–∂–µ—Ä,2,7,4,5,4,3,4,5,7,32,1,–ö–≤–∏–∑_01.08.2025
8/1/2025,–õ—é–¥–∏ –ö–æ—Ä–æ–ª—è,5,5,3,4,3,2,4,5,9,30,2,–ö–≤–∏–∑_01.08.2025
8/1/2025,BIMO,4,9,3,5,3,1,4,3,6,25,3,–ö–≤–∏–∑_01.08.2025
8/1/2025,–°—Ç–æ–ª ‚Ññ1,6,1,1,2,1,1,5,4,3,17,4,–ö–≤–∏–∑_01.08.2025
8/1/2025,–ù–µ —Å–º–æ—Ç—Ä–∏—Ç–µ –Ω–∞–≤–µ—Ä—Ö,4,6,1,3,2,2,2,2.5,3,15.5,5,–ö–≤–∏–∑_01.08.2025
8/1/2025,–°–ù–¢ –ü—Ä–æ–∫—à–∏–Ω–æ,5,8,4,3,0,0,4,4,-1,14,6,–ö–≤–∏–∑_01.08.2025
8/1/2025,–ò–º–ø—Ä–æ–≤–∏–∑–∞—Ü–∏—è,3,3,2,3,0,0,3,2.5,0,10.5,7,–ö–≤–∏–∑_01.08.2025
8/1/2025,–ò—Å–ø–∞–Ω—Å–∫–∏–π —Å—Ç—ã–¥,6,4,1,2,0,0,2,1,1,7,8,–ö–≤–∏–∑_01.08.2025
8/1/2025,—Å—Ç–æ–ª 2 –ë—Ä–æ–Ω—å,0,,0,0,0,0,0,0,0,0,9,–ö–≤–∏–∑_01.08.2025
8/8/2025,–ù–∞—à–∞—Ç—ã—Ä—å,5,6,8,6,4,2.5,4,2,13,39.5,1,–ö–≤–∏–∑_08.08.2025
8/8/2025,–õ—é–¥–∏ –ö–æ—Ä–æ–ª—è,5,9,6,5,6,1.5,2,4,13,37.5,2,–ö–≤–∏–∑_08.08.2025
8/8/2025,–ù–µ —Å–º–æ—Ç—Ä–∏—Ç–µ –Ω–∞–≤–µ—Ä—Ö,8,1,5,6,5,3,2,5,10,36,3,–ö–≤–∏–∑_08.08.2025
8/8/2025,–°—Ç–æ–ª ‚Ññ1,6,4,4,2,3,3,6,2,7,27,4,–ö–≤–∏–∑_08.08.2025
8/8/2025,BIMO,4,5,6,4,2,1.5,0,4,8,25.5,5,–ö–≤–∏–∑_08.08.2025
8/8/2025,–Æ–Ω–∏–æ–Ω,3,8,6,2,4,2.5,0,2,3,19.5,6,–ö–≤–∏–∑_08.08.2025
8/8/2025,–ò—Å–ø–∞–Ω—Å–∫–∏–π —Å—Ç—ã–¥,3,3,5,4,2,0,2,0,5,18,7,–ö–≤–∏–∑_08.08.2025
8/15/2025,–õ—é–¥–∏ –ö–æ—Ä–æ–ª—è,5,6,7,8,5,9,6,5,20,60,1,–ö–≤–∏–∑_15.08.2025
8/15/2025,BIMO,3,4,5,4,3,6,2,4,15,39,3,–ö–≤–∏–∑_15.08.2025
8/15/2025,–°–æ—é–∑,4,1,5,1,4,3,0,2,2,17,5,–ö–≤–∏–∑_15.08.2025
8/15/2025,–ò–º–ø—Ä–æ–≤–∏–∑–∞—Ü–∏—è,3,5,7,7,3,6,0,4,17,44,2,–ö–≤–∏–∑_15.08.2025
8/15/2025,–°–∏–Ω—è—á–∏–π –ø–∞—Ç—Ä—É–ª—å,2,3,6,7,3,4,2,2,8,32,4,–ö–≤–∏–∑_15.08.2025
8/15/2025,—Å—Ç–æ–ª 2 –±—Ä–æ–Ω—å,0,,0,0,0,0,0,0,0,0,6,–ö–≤–∏–∑_15.08.2025
8/22/2025,–ù–∞—à–∞—Ç—ã—Ä—å,6,6,5,6,4,2.5,2,4,15,38.5,1,–ö–≤–∏–∑_22.08.2025
8/22/2025,–ù–µ —Å–º–æ—Ç—Ä–∏—Ç–µ –Ω–∞–≤–µ—Ä—Ö,6,4,6,5,6,2,4,5,3,31,2,–ö–≤–∏–∑_22.08.2025
8/22/2025,–°—Ç–æ–ª ‚Ññ1,8,"1,2",4,2,4,1,2,3,9,25,3,–ö–≤–∏–∑_22.08.2025
8/22/2025,–ò–º–ø—Ä–æ–≤–∏–∑–∞—Ü–∏—è,6,5,5,5,5,0,2,2,4,23,4,–ö–≤–∏–∑_22.08.2025
8/22/2025,BIMO,3,8,5,4,1,0.5,2,3,6,21.5,5,–ö–≤–∏–∑_22.08.2025
8/22/2025,–ò—Å–ø–∞–Ω—Å–∫–∏–π —Å—Ç—ã–¥,4,3,7,3,3,1.5,0,3,3,20.5,6,–ö–≤–∏–∑_22.08.2025
8/22/2025,–í—ã –£—Ö—É –ï–ª–∏?,5,9,0,0,0,0,0,0,0,0,7,–ö–≤–∏–∑_22.08.2025
8/29/2025,–ù–∞—à–∞—Ç—ã—Ä—å,6,9,7,5,4,7,4,5,16,48,1,–ö–≤–∏–∑_29.08.2025
8/29/2025,–ù–µ —Å–º–æ—Ç—Ä–∏—Ç–µ –Ω–∞–≤–µ—Ä—Ö,4,6,5,5,5,4.5,2,2,15,38.5,2,–ö–≤–∏–∑_29.08.2025
8/29/2025,–ì—Ä–µ–Ω–∫–∏,3,3,5,2,4,6.5,0,0,17,34.5,3,–ö–≤–∏–∑_29.08.2025
8/29/2025,–ú–∞–∑–≥–∞–Ω,4,8,5,2,4,4.5,4,4,10,33.5,4,–ö–≤–∏–∑_29.08.2025
8/29/2025,–ò—Å–ø–∞–Ω—Å–∫–∏–π —Å—Ç—ã–¥,7,4,5,4,5,4,2,4,9,33,5,–ö–≤–∏–∑_29.08.2025
8/29/2025,–°—Ç–æ–ª ‚Ññ1,6,1,6,1,3,3.5,0,4,11,28.5,6,–ö–≤–∏–∑_29.08.2025
8/29/2025,–°–∏–Ω—è—á–∏–π –ø–∞—Ç—Ä—É–ª—å,2,7,6,2,2,3,4,3,8,28,7,–ö–≤–∏–∑_29.08.2025
8/29/2025,–ò–º–ø—Ä–æ–≤–∏–∑–∞—Ü–∏—è,6,5,4,2,4,3.5,4,2,6,25.5,8,–ö–≤–∏–∑_29.08.2025
9/5/2025,–õ—é–¥–∏ –ö–æ—Ä–æ–ª—è,5,9,7,6,4,6,6,5,17,51,1,–ö–≤–∏–∑_05.09.2025
9/5/2025,–ù–∞—à–∞—Ç—ã—Ä—å,6,4,6,6,1,5.5,4,4,11,37.5,2,–ö–≤–∏–∑_05.09.2025
9/5/2025,–ù–µ —Å–º–æ—Ç—Ä–∏—Ç–µ –Ω–∞–≤–µ—Ä—Ö,4,6,4,7,2,3.5,2,2,15,35.5,3,–ö–≤–∏–∑_05.09.2025
9/5/2025,–ò—Å–ø–∞–Ω—Å–∫–∏–π —Å—Ç—ã–¥,4,2,3,6,3,4.5,2,4,11,33.5,4,–ö–≤–∏–∑_05.09.2025
9/5/2025,–°–æ—é–∑ –ì—Ä–µ–Ω–æ–∫,4,3,5,5,2,4,2,2,9,29,5,–ö–≤–∏–∑_05.09.2025
9/5/2025,–°—Ç–æ–ª ‚Ññ1,6,1,6,5,1,3.5,2,3,8,28.5,6,–ö–≤–∏–∑_05.09.2025
9/7/2025,–ù–µ —Å–º–æ—Ç—Ä–∏—Ç–µ –Ω–∞–≤–µ—Ä—Ö,8,4,6,5,5,5,5,4,17,47,1,–ö–≤–∏–∑_07.09.2025
9/7/2025,–õ—é–¥–∏ –ö–æ—Ä–æ–ª—è,4,5,4,4,6,5,4,4,9,36,2,–ö–≤–∏–∑_07.09.2025
9/7/2025,–ù–∞—à–∞—Ç—ã—Ä—å,5,6,3,1,5,5,5,6,11,36,3,–ö–≤–∏–∑_07.09.2025
9/7/2025,–ò—Å–ø–∞–Ω—Å–∫–∏–π —Å—Ç—ã–¥,4,2,5,3,5,4,0,6,12,35,4,–ö–≤–∏–∑_07.09.2025
9/7/2025,–ö–≤–∏–∑ who is,6,3,2,6,3,2,2,6,13,34,5,–ö–≤–∏–∑_07.09.2025
9/7/2025,–°—Ç–æ–ª ‚Ññ1,6,1,4,3,4,2,3,3,5,24,6,–ö–≤–∏–∑_07.09.2025
